question_id,node_text,label,original_cot,gold_answer
5a713b725542994082a3e6b7,"It featured Disney characters, stories, games, and content appropriate for kids",1,"# Step-by-Step Analysis

1. **Identify what Glamour magazine is**
   - Glamour is a fashion and lifestyle magazine primarily targeted at adult women
   - It focuses on fashion, beauty, celebrity news, and lifestyle topics for mature audiences

2. **Identify what Disney Adventures was**
   - Disney Adventures was a magazine published by The Walt Disney Company
   - It was specifically designed and marketed for children and young readers
   - It featured Disney characters, stories, games, and cont",Disney Adventures
5a8721865542991e771816db,"Consider the mention of the planned Gameday Center, which is associated with the athletic programs of the university and located in or near the same city.",1,"1. Identify the university in question: The University of Kentucky.
2. Recognize that the University of Kentucky is a well-known institution associated with a specific city.
3. Recall that the University of Kentucky is located in Lexington, Kentucky.
4. Consider the mention of the planned Gameday Center, which is associated with the athletic programs of the university and located in or near the same city.
5. Confirm that the city hosting both the University of Kentucky and the Gameday Center is ",Lexington
5adf8df35542993344016cff,"Next, we need to find out the seating capacity of the Los Angeles Memorial Coliseum in 2006.",1,"1. To find the permanent seating capacity of the stadium used by the 2006 USC Trojans football team, we first need to identify the name of the stadium where the team played its home games in 2006.

2. Since 2006, the home stadium for the USC Trojans football team is the Los Angeles Memorial Coliseum.

3. We need to confirm that the Los Angeles Memorial Coliseum was the home stadium of USC Trojans in 2006. This is known and verified.

4. Next, we need to find out the seating capacity of the Los A","93,607"
5a77a6705542992a6e59df58,Polytechnic University of Bari: Known to be founded in 1990.,1,"1. **Identify the universities involved:**
   - Polytechnic University of Bari
   - University of New Mexico

2. **Determine the founding year of each university:**
   - Polytechnic University of Bari: Known to be founded in 1990.
   - University of New Mexico: Founded in 1889.

3. **Compare founding years:**
   - Polytechnic University of Bari was founded in 1990.
   - University of New Mexico was founded much earlier, in 1889.

4. **Assess the organizational structure (faculties):**
   - Polyt",Polytechnic University of Bari
5a714c025542994082a3e793,Identify the Supreme Court Judge who was a member of the Kahan Commission The key is to find the justice or judge who participated in the Kahan Commission.,0,"Certainly! Let's carefully analyze the question step-by-step.

**Step 1: Understand the question**  
The question asks for the birth date of a specific Supreme Court Judge who was also a member of the Kahan Commission.

**Step 2: Identify the Kahan Commission**  
The Kahan Commission was established in 1982 by the Israeli government to investigate the Sabra and Shatila massacre.

**Step 3: Identify the Supreme Court Judge who was a member of the Kahan Commission**  
The key is to find the justic",16 September 1936
5a7a38815542994f819ef167,"Identifying possible works: J.R.R. Tolkien is best known for his fantasy stories such as ""The Hobbit"" and ""The Lord of the Rings"" trilogies. Within these works, Tolkien created various Elvish groups and languages.",0,"1. **Researching the context**: The term ""Ilkorindi"" seems to be connected to J.R.R. Tolkien's fictional universe, Middle-earth, given its similarity to other Elvish groups from the same author.

2. **Identifying possible works**: J.R.R. Tolkien is best known for his fantasy stories such as ""The Hobbit"" and ""The Lord of the Rings"" trilogies. Within these works, Tolkien created various Elvish groups and languages.

3. **Checking for specific mentions**: After researching the works of J.R.R. Tolki",English
5ac29be2554299657fa28fd5,"Confirm that the sixth album is ""Eat Me, Drink Me"": According to discography records, Marilyn Manson's sixth studio album is indeed ""Eat Me, Drink Me,"" released in 2007.",1,"1. Identify the band in question: Marilyn Manson is an American rock band.

2. Determine the sixth studio album by Marilyn Manson: The sequence of Marilyn Manson's studio albums is well known.  
   - 1st: Portrait of an American Family (1994)  
   - 2nd: Antichrist Superstar (1996)  
   - 3rd: Mechanical Animals (1998)  
   - 4th: Holy Wood (In the Shadow of the Valley of Death) (2000)  
   - 5th: The Golden Age of Grotesque (2003)  
   - 6th: Eat Me, Drink Me (2007)

3. Confirm that the sixth a","Eat Me, Drink Me"
5abd11025542992ac4f381be,"Recall known details about the production: ""Welcome to My Nightmare"" was released in 1975 as a concept album and stage show. It involved theatrical elements, costumes, and staging, which sometimes included choreography.",1,"1. **Identify the context**: The question asks about the choreographer of Alice Cooper's ""Welcome to My Nightmare,"" which is a theatrical stage show and album from the 1970s.

2. **Recall known details about the production**: ""Welcome to My Nightmare"" was released in 1975 as a concept album and stage show. It involved theatrical elements, costumes, and staging, which sometimes included choreography.

3. **Determine if choreography is officially credited**: Unlike films or dance productions, conc",Winters
5ae1b4c65542997283cd2253,"Research Michelin and their partnership with Saab: Michelin, like Goodyear, had significant deals with automakers in this period as well.",0,"To determine who founded the tire company used by Saab in the 1993 Barber Saab Pro Series, I will follow these steps:

1. **Research the Barber Saab Pro Series**: The first step is to identify the relevant racing series in question. The 1993 Barber Saab Pro Series is a specific racing series, and understanding its context is crucial.

2. **Identify the primary sponsor of the series**: It is essential to find out which company sponsored the series. In this case, the primary sponsor was Saab, whic",Frank Seiberling
5ab344af554299753aec5969,Splash was directed by Ron Howard,1,"# Step by Step Analysis

1. **Identify the two movies mentioned**
   - Splash (1984)
   - Son of Flubber (1963)

2. **Determine the director of Splash**
   - Splash was directed by Ron Howard

3. **Determine the director of Son of Flubber**
   - Son of Flubber was directed by Walt Disney (uncredited) and Robert Stevenson

4. **Answer the question**
   - The question asks ""which one was directed by Ron Howard"" in between these two films
   - Ron Howard directed Splash

5. **Consider the timeframe",Splash
5ab6455a5542995eadeeff94,"Now to get an idea that we believe  the 'co-performs in 1990 film  -  we actually now find the '90 Canadian star who actually the 'Co-performs' - co-star and we believe we have the information, the information is actually that in  'Urban Legends: Final Cut' the Canadian actor co starred with -  that the '1990' movie was a '1990' famous film which actually co stars with Tom ' Urban Legend 3' and 'Urban Legends 3's co - performer the  famous 'Canadian  actor who performed in the film - in which we are looking for - that the information that in 'Urban Legends Final Cut's - the Canadian actor and co-star - '  co- performer the movie of  '1990 film -  that which he was in a famous movie the co-star with notable co actor in 'Final Cut' that he co-starred with the other star in other film.   which is in   a '90 movie",0,"1. Identify the Canadian actor who starred in the 2004 film 'Urban Legends: Final Cut.'
   The Canadian actor is Jason Hussey but more notable in the urban legend film series is also Tom Riley's co-star Canadian actor in 2004, but we know that more famous Canadian actor who appeared in 'Urban Legends: Final Cut' is  Morris Chestnut's co-star and co-performer  Canadian actor is - Morris Chestnut co-starred with  but  the most famous is the 'Final Cut' co-star  Tom ' Urban Legend 3  (Canadian acto",Mr. Destiny
5a89a48d5542993b751ca964,Emory does not have a horned frog as its mascot.,0,"1. **Identify the universities in question:** The two universities are Texas Christian University and Emory University.

2. **Recall the mascots associated with each university:**
   - Texas Christian University (TCU): Known for its mascot, which is a horned frog named ""Superman.""
   - Emory University: Its mascot is not a horned frog; it has different symbols such as the eagle, but no horned frog.

3. **Connect the mascot to the university:**
   - TCU explicitly has a horned frog mascot.
   - E",Texas Christian University
5ab246e5554299722f9b4ccf,"Connect this to ""Encore! Encore!"". ""Encore! Encore!"" sounds like a title of a show or performance.",1,"Step 1: Identify the context of the question.  
- The question asks about an operatic singing group that Nathan Lane almost became a member of, specifically in ""Encore! Encore!"".

Step 2: Recall information about Nathan Lane's career and specific references to operatic singing groups or related performances.  
- Nathan Lane is primarily known as a stage and screen actor, not as an operatic performer, but he has appeared in various musical and theatrical productions.

Step 3: Recognize that ""Enco",The Three Tenors
5aded4f15542995534e8c714,"Identify the key player in formulating this principle: The ""one country, two systems"" principle was formulated during the Sino-British negotiations for the transfer of Hong Kong from British to Chinese control in 1984. A similar principle applies in Macau, which was returned to China from Portuguese control in 1999.",1,"1. **Identify the context**: The question is about a constitutional principle that governs the relationship between Macau (a Special Administrative Region of China) and the Central People's Government (CPG) in Beijing.

2. **Understand the special status of Macau**: Macau is a Special Administrative Region of China, enjoying a high degree of autonomy in all matters except foreign affairs and defense.

3. **Recognize the significance of the ""one country, two systems"" principle**: Macau, along wit",Deng Xiaoping
5ab5e4855542992aa134a3d0,Identify Jim Jarmusch as our American independent director,0,"To answer this question, we will need to follow these steps:

1. **Identify the American independent director, cameraman, and producer**: Unfortunately, without more information, there are many possibilities. However, based on the context, we might be thinking of a notable filmmaker. Since the information provided is limited and can be linked to a few individuals, this step will focus on finding a possible connection to a well-known American filmmaker.

A few possibilities could be the directors","15,846"
5a7b4da25542992d025e67e6,"To determine the commonality between Deconstruction and Dave Navarro, I will follow these steps:",1,"To determine the commonality between Deconstruction and Dave Navarro, I will follow these steps:

1. **Research Deconstruction**: Identify the group Deconstruction. After research, I found that Deconstruction was a side-project featuring a supergroup consisting of members from notable bands. Notable members include Stephen Morris from New Order, Rowan Jones, and Peter Hook's bassist on one track (but I found this to be incorrect as he used other bassists) from New Order, and Stephen Morris' band",band
5a7393bc55429908901be2fe,"""The Killings at Outpost Zeta"" (1970) no.",0,"1. **Identify the key details of the question:**  
   - The series is based on a 1973 film of the same name.  
   - It features American actor Bradford Tatum.

2. **Consider well-known films from 1973 that had television adaptations:**  
   - One notable film from 1973 is ""The Spirit of '76,"" but that does not match the criteria.  
   - Another approach is to consider movies with TV adaptations that are based on films of the same name.

3. **Recall films from 1973 with TV series adaptations:**  ",Westworld
5add1f125542992ae4cec486,"Provide the answer based on the identified year. Therefore, considering the analysis above, the likely year when Pavlik lost to Martínez is 2010.",0,"**Step 1: Identify the key information given in the question.**
- The boxer is Kelly Robert Pavlik.
- He competed from 2000 to 2012.
- He won the unified titles.
- He lost the titles to Sergio Martínez.

**Step 2: Identify the relevant details about Sergio Martínez.**
- Sergio Martínez is an Argentine former professional boxer.
- He competed from 1997 to 2014.

**Step 3: Determine the likely year when Pavlik lost to Martínez.**
- Given the time period when Pavlik competed (2000-2012) and when Ma",2010
5adf9a365542992d7e9f93b3,"The person we are interested in for this question, based on research, turns out to be Lonne Elder, however this isn't a woman.",0,"Step 1: To answer the question,  we need to identify who is the woman who wrote the screenplay of ""Georgia, Georgia"". This requires searching or having prior knowledge about the specific film ""Georgia, Georgia"".

Step 2: It seems like there might be confusion, because there's a more famous movie 'Georgia' released in 1995 directed by UluØbæk with the same theme.

Step 3: However, I've found another movie released in 1972 named ""Georgia, Georgia"" a movie, directed by Stuart Roger Burgess - also t",1928
5ab732a05542993667793f82,He made three successful title defenses before losing his title.,0,"1. **Identify the key details in the question:**
   - Kelly Robert Pavlik is an American former professional boxer.
   - He competed from 2000 to 2012.
   - He made three successful title defenses before losing his title.
   - The boxer he lost to was Argentine.
   - This Argentine boxer also had a professional career spanning from 1997 to 2014.

2. **Recall Kelly Pavlik's championship career:**
   - Kelly Pavlik was a middleweight champion.
   - He is known for holding the WBC and WBO middlewei",Sergio Gabriel Martínez
5ae5121955429908b632650c,This airport is not located in California.,0,"To determine which airport is in California, I will follow these steps:

1. **Identify the first airport**: The first airport mentioned is the William R. Fairchild International Airport. 
- **Airport Type**: International
- **Airport Name**: William R. Fairchild International Airport
- **Location**: Unfortunately the location isn't provided, so further investigation is needed.

2. **Identify the second airport**: The second airport mentioned in Chico Municipal Airport.
- **Airport Type**: Munici",Chico Municipal Airport
5a908ad655429916514e74ed,"Reconsider. Are there other actresses with similar characteristics or other versions? Alternatively, perhaps the problem refers to the theatrical or film version featuring another actress.",0,"Certainly! Here is the step-by-step reasoning process:

**Step 1: Identify the film ""Revengers Tragedy.""**  
The question states that the film ""Revengers Tragedy"" is an adaptation of the 1606 play ""The Revenger's Tragedy.""

**Step 2: Recognize the main query.**  
The question asks: the film stars which English actress, born on 23 November 1946, as the Duchess?

**Step 3: Gather information about the actress born on 23 November 1946.**  
- Search for well-known English actresses born in 1946, spe",Diana Marilyn Quick
5a77aae055429967ab10521d,"Widnes historically had a significant chemical industry development, and there was a museum known for its chemical industry heritage.",0,"1. Recognize that the question asks for a place originally known as The Museum of the Chemical Industry.

2. Consider the description of the location: an island between the Sankey Canal and the estuary of the River Mersey.

3. Recall that the Sankey Canal is located in the northwest of England, in the vicinity of Warrington and the Mersey River.

4. The River Mersey flows into the Irish Sea near the city of Liverpool.

5. The island situated between the Sankey Canal and the River Mersey Estuary ",The Catalyst Science Discovery Centre
5ae31b335542990afbd1e0ae,"Identify the actor: The actor William ""Bill"" Lumbergh is a character played by actor Gary Cole.",1,"1. **Identify the actor:** The actor William ""Bill"" Lumbergh is a character played by actor Gary Cole.

2. **Recall the film:** William ""Bill"" Lumbergh is a well-known character from the 1999 American comedy film *Office Space*.

3. **Recall the film's director:** The director of *Office Space* (1999) is Mike Judge.

4. **Confirm the information:** Cross-reference to verify that Mike Judge directed *Office Space* and William Lumbergh is a character from that film.

**Final answer:**  
The 1999 A",Mike Judge
5adebe4c5542995534e8c6f8,"Note on October 1762. The first version 1762,  one-act opera 'Orfeo ed Euridice.'",1,"Here's the step-by-step reasoning to determine which opera premiered first:

1. **First, identify the composers and titles**:
   - Der Freischütz: This is a German opera by composer Carl Maria von Weber.
   - Orfeo ed Euridice: This is a three-act opera by composer Christoph Willibald Gluck, with a libretto by Ranieri de' Calzabigi, based on Greek mythology.

2. **Next, find the premiere dates of the operas**:
   - The premiere date of Der Freischütz is 18 June 1821 in Schwerin, Germany.
   - Th",Orfeo ed Euridice
5ab8ef2a5542991b5579f05a,"Lostprophets information: Now, let's find information about Lostprophets. Lostprophets is a Welsh band, not American. They were formed in 1997 and gained international fame for their post-hardcore and pop-punk sound.",1,"1. **Identify the bands**: First, let's identify the two bands in question: Gumball and Lostprophets.

2. **Gumball information**: Next, let's research information about Gumball. Gumball is a British band that originated in the UK. They were active from 1992 to 2001 and are known for their alternative rock sound.

3. **Lostprophets information**: Now, let's find information about Lostprophets. Lostprophets is a Welsh band, not American. They were formed in 1997 and gained international fame for ",no
5ab5615c5542992aa134a2f7,Connect the musician to Slayer: Kerry King is a well-known guitarist and a founding member of the band Slayer.,0,"1. Identify the album ""Witchkrieg"": The album ""Witchkrieg"" was released in 2015 by the band Dark Fortress.

2. Find the musician associated with ""Witchkrieg"": The album features several musicians, but notable is the guest appearance by Kerry King.

3. Connect the musician to Slayer: Kerry King is a well-known guitarist and a founding member of the band Slayer.

4. Confirm the relationship: Since Kerry King performed on ""Witchkrieg"" and is a member of Slayer, he fits both criteria.

Final answer:",Gary Holt
5ac2abef554299218029daf0,"Conclusion: Based on the details and historical data, the year Marlon Brando played in ""Julius Caesar"" (the MGM adaptation) is 1953.",1,"1. **Identify the movie in question:** The film ""Julius Caesar,"" adapted by Metro-Goldwyn-Mayer (MGM), based on William Shakespeare's play.

2. **Recall the notable cast member:** Marlon Brando is associated with this film, playing the role of Mark Antony.

3. **Determine the release year of the MGM adaptation:** The MGM film adaptation of ""Julius Caesar"" with Marlon Brando was released in the early 1950s.

4. **Verify the release year:** Historical records indicate that the MGM ""Julius Caesar"" ",1953
5abd0e0a5542996e802b46cb,"Note: While specific information is difficult to come by, it can be inferred based on Sara Baume's birthplace that she was born near the flight of locks in Co. Cork. It might not necessarily be a flight of locks connecting two canals; however, based on general knowledge of the Irish canals, I will proceed with a reasonable assumption.",0,"1. Identify the location where Sara Baume was born: She was born in Co. Cork, Ireland.

2. Research the canals near Co. Cork, Ireland: The Grand Canal and the Royal Canal are both located in Ireland.

3. Look for information that links the canals with a flight of locks where Sara Baume was born: The Grand Canal and the Royal Canal were the two main canals in Ireland that had flights of locks.

4. Note: While specific information is difficult to come by, it can be inferred based on Sara Baume's b",Leeds and Liverpool Canal
5ae1d3df5542997283cd2280,"Shirak is a province in Armenia, and Gyumri, a major city, is located in Shirak Province. The name ""Shirak"" might refer to the region or the city itself.",0,"1. Recognize the name ""Shirak Poghosyan"" as an individual who appears to have an Armenian name based on the surname ""Poghosyan,"" which is common in Armenia.

2. The question asks from which city Shirak Poghosyan originated, and then further asks for the country of that city.

3. Consider well-known Armenian cities: Yerevan (capital), Gyumri, Vanadzor, and others.

4. Investigate if Shirak Poghosyan is associated with a specific city. The surname ""Shirak"" might be a clue—there is a region and cit",Armenia
5a8c3f3a554299240d9c20e1,"Possible matches: One movie that comes to mind is ""Cross Creek,"" but it's not primarily about a Cuban refugee. Another one is ""Cross Creek"" is not relevant but 1983's ""Cross Creek"" might have been released the year prior in a limited fashion as well as other factors, one possibility is the less famous, ""Cross"" Creek isn't the movie though but it is about Florida though.",0,"Here's the step-by-step reasoning to find the 1983 movie about a Cuban refugee starring Harris Yulin:

1. **Identify Harris Yulin's filmography**: Harris Yulin is an American actor who has been active in the film industry since the 1970s. To find the movie, we need to identify the films he appeared in during the 1980s.

2. **Search for Harris Yulin's 1983 movies**: Since the question specifies the movie released in 1983, we can narrow down our search to movies he appeared in that year. This may ",Tony Montana
5a738d745542992d56e7e366,"David Draiman's birth date is known to be April 13, 1975.",0,"1. Identify the birth dates of Duncan Campbell and David Draiman.

2. Duncan Campbell's birth date is known to be in 1961 (specifically, December 16, 1961).

3. David Draiman's birth date is known to be April 13, 1975.

4. Compare the years: Duncan Campbell was born in 1961, David Draiman in 1975.

5. Since 1961 comes before 1975, Duncan Campbell was born earlier.

**Final answer: Duncan Campbell was born first.**",Duncan Campbell
5ae10b8e55429920d52342a4,"Determine the final answer based on the previous steps. Given the information gathered, the director of the film for which Finn Carter is best known for playing a role is Ron Underwood.",0,"**Step 1:** Identify the key information that is known about Finn Carter. 
We know that Finn Carter is an American actress, but we don't know which film she is best known for. However, we can start by looking at some of her notable film roles.

**Step 2:** Research notable film roles played by Finn Carter.
One of her notable roles was as Whitney ""Whip"" Taylor in the 1992 film ""Tremors."" 

**Step 3:** Verify if ""Tremors"" is indeed the film for which Finn Carter is best known.
After verifying, it ",Ron Underwood
5a89f9ef5542993b751ca9cf,Confirming the role: Football Australia is the official governing body for soccer in Australia and manages the national team.,1,"1. **Identify the player:** The question refers to Mathew David Ryan, a goalkeeper.

2. **Recall the team he played for:** Mathew Ryan is known as an Australian professional footballer who has played as a goalkeeper.

3. **Determine the governing body:** In international football (soccer), the governing body responsible for national teams is typically the national football association or federation.

4. **Identify the national team:** Since Mathew Ryan plays for Australia, the governing body ove",Football Federation Australia (FFA)
5ae27aad5542992decbdcd1f,Research the number of species in each genus.,0,"1. **Identify the two genera in question: Michauxia and Cuphea.**  
   - Michauxia is a genus within the plant kingdom, specifically in the family Plantaginaceae.  
   - Cuphea is also a genus within the plant kingdom, mostly in the family Lythraceae.

2. **Research the number of species in each genus.**  
   - According to botanical references and taxonomic databases (such as The Plant List, Tropicos, or ITIS), the number of recognized species can vary depending on the source and taxonomic revi",Cuphea
5abd079f554299700f9d7973,Determine the event details: The question mentions that Frank Caliendo had a show at a hotel and casino.,0,"1. Identify the individual: Frank Caliendo is a comedian and impressionist known for his stand-up performances and television appearances.

2. Determine the event details: The question mentions that Frank Caliendo had a show at a hotel and casino.

3. Consider his performance locations: Many comedians perform at hotel and casino venues in Nevada, particularly in Las Vegas, which is well-known for hosting comedy shows at various casinos.

4. Recall specifics: There is no widely known record of Fr",Paradise
5ae384585542991a06ce99da,"The film in which Sylvie Testud appeared in 2007 is titled ""La Vie En Rose"" (original French title: ""La Môme"").",1,"1. **Identify the film featuring Sylvie Testud in 2007**:  
   The film in which Sylvie Testud appeared in 2007 is titled **""La Vie En Rose""** (original French title: **""La Môme""**).

2. **Recall the main subject or focus of the film**:  
   ""La Vie En Rose"" is a biographical film about the life of the famous French singer **Édith Piaf**.

3. **Determine the relevance of the singer in the film**:  
   Since the film is a biopic about Édith Piaf, it centers around her life, career, and music.

4.",Édith Piaf.
5a903a4955429916514e7437,"Identify the captain's latest team: Among the list of teams from step 3, we need to find the latest team this captain played for.",0,"To find the most recent team that the on-field captain for the NatWest T20 Blast for the Glamorgan County Cricket Club in 2014 played for, we'll need to follow these steps:

1. **Identify the on-field captain of Glamorgan County Cricket Club in 2014 for the NatWest T20 Blast**: We'll need to look for information on who was the on-field captain of Glamorgan in 2014 for the T20 Blast competition. 

2. **Verify the captain from step 1**: We should double-check that this is the correct person and th",Somerset
5ae7c07f554299540e5a5653,"From my available information, I could not specifically identify Ashley Barnes as a player in Brighton & Hove Albion's first-ever year. In fact, I could confirm that Ashley Barnes was born (1990), which suggests he would have only joined the club many years later than the club's formation.",1,"To determine the position Ashley Barnes played during the first year of Brighton & Hove Albion, I will follow these steps:

1. **Determine the year Brighton & Hove Albion was formed**: 
   - Brighton & Hove Albion Football Club was formed in 1901, initially under the name Brighton United before changing its name to Brighton & Hove Albion the following year.

2. **Understand the player Ashley Barnes**: 
   - Ashley Barnes is an English professional footballer who has played as a striker for sever",striker
5abdb9315542993f32c2a019,"Arkansas Location: Arkansas is in the South-Central United States, not in the Northeast region.",0,"1. **Location of Portsmouth International Airport at Pease**: Portsmouth International Airport at Pease is located in Pease International Tradeport, which is in New Hampshire, USA.

2. **US Northeast Region**: The Northeast region of the United States typically comprises the following states: Maine, New Hampshire, Vermont, Massachusetts, Rhode Island, Connecticut, New York, New Jersey, Pennsylvania, and parts of Maryland, New York City and Long Island, New York.

3. **Location of Fort Smith Regi",no
5ab3472c554299753aec596f,"Unfortunately with no further web results available we cannot say for definite the birthdate of the American actor who plays Jared Banks. Unfortunately this was a poorly written question because it asked us to give the answer without giving the name of the actor. However, after conducting a search in a bid to try and get as much information as possible about the drama ""One Life to Live"", in that we have been able to find some general information on the soap opera ""OneLife to Live"", although no information can be found about an actor called 'Jared Banks'. Therefore, since no web results or details can be found the problem cannot be answered.",1,"**Step 1:**  Identify the American actor who played as 'Jared Banks' in the drama 'One Life to Live'.
We do not know what the actor's name is, so we will need to find out.

**Step 2:**  We will need more information about the American actor who played 'Jared Banks' in the drama 'One Life to Live' since only specific or general information has been given in this problem and the information provided doesn't include the actual name of the actor.

**Step 3:**  To find a solution, we may need to sear","August 21, 1980"
5a7715c75542994aec3b71e0,"Final conclusion Based on the comparison of birthdates, Kevin Cronin was born earlier than Ray Wilson.",0,"**Step 1: Identify Ray Wilson's birthdate**
Ray Wilson, the former lead singer of Yes, was born on August 29, 1954.

**Step 2: Identify Kevin Cronin's birthdate**
Kevin Cronin, the lead vocalist and guitarist of REO Speedwagon, was born on September 6, 1945.

**Step 3: Compare birthdates**
Now, we need to compare the birthdates of Ray Wilson and Kevin Cronin to determine who was born earlier.

**Step 4: Determine the earlier birthdate**
Since 1945 is less than 1954, Kevin Cronin was born earlier",Kevin Patrick Cronin
5ab40c9655429976abd1bd44,This implies that John Denver may have known Herb Metoyer indirectly through Mike Taylor.,0,"To determine the date of John Denver's death, we need to identify more information about him and his connection to Herb Metoyer and Mike Taylor. 

1. Identify Herb Metoyer's connection to John Denver:
- Herb Metoyer is mentioned as an early mentor to Mike Taylor.
- Mike Taylor is related to John Denver through their music.
- This implies that John Denver may have known Herb Metoyer indirectly through Mike Taylor.

2. Confirm the connection between John Denver and Mike Taylor:
- John Denver is kn","October 12, 1997"
5a77c59c5542997042120b2e,"Identify the Problem and Key Details To find the solution, we must identify key information in the question. The problem is to find the educational background of Madeleine Doran. Key details include her birthplace - Salt Lake City, Utah.",0,"**Step 1: Identify the Problem and Key Details**
To find the solution, we must identify key information in the question. The problem is to find the educational background of Madeleine Doran. Key details include her birthplace - Salt Lake City, Utah.

**Step 2: Recall Known Information**
Since Madeleine Doran was a literary scholar and historian, research is required to find information on her educational background.

**Step 3: Research and Gather Information**
Madeleine Doran is known for her wo",Stanford University
5a8b2da55542995d1e6f12f2,"Inferring The Answer: Given that Jules Langdon died in 1942, it can be inferred that they left the South Australian House of Assembly seat of Thebarton in the year 1942.",1,"To determine the information, we'll need to analyze the given details and additional steps to arrive at the final answer. 

1. **Understanding the Information**: We're given the name of the politician, Jules Langdon, along with their date of birth and death. The key information required is the year they left the position of Thebarton in the South Australian House of Assembly.

2. **Identifying the Time Period**: Given that Jules Langdon represented the seat of Thebarton from 1938, we can infer t",1942
5ae4a94c55429913cc2044c1,"Determine the actual series associated with Rose Sorelli: Rose Sorelli is a character in the television series ""Glee,"" but that is played by a different actress, or she is not a notable recurring character.",1,"1. **Identify the film and character**: The question asks for the series in which Laura Marie Breckenridge played the character Rose Sorelli.

2. **Recall the role of Laura Marie Breckenridge**: Laura Marie Breckenridge is an actress known for her roles in various films and TV series.

3. **Recognize ""A Christmas Kiss""**: ""A Christmas Kiss"" is a romantic holiday movie, not a series. In this movie, the character Laura Breckenridge played was named Wendy.

4. **Confirm the character Rose Sorelli**",Related
5a8cad735542996e8ac88b1a,"Considering Possible Options: Some research centers come to mind, but not all of them would have a Swiss mathematician as a permanent professor. For instance, think about the type of people who would be involved in such a place - theoretical researchers, academics, intellectuals, etc.",0,"1. **Understanding the Question:** First, let's break down the key elements of the question. We are looking for the founding of a postdoctoral research center that focuses on theoretical research and intellectual inquiry.

2. **Identifying the Center:** The center was founded in a way that included a Swiss mathematician as a permanent professor. This is a crucial clue that can help narrow down the options.

3. **Considering Possible Options:** Some research centers come to mind, but not all of t",Abraham Flexner
5a850b665542994c784ddae3,"Recognize the actor 'Catlett': Catherine Catlett appeared in the film ""Get Shorty"" (1995).",0,"Certainly! Here's the step-by-step reasoning:

1. **Identify the film in question:** The question asks about a Ron Howard film starring Catlett. 

2. **Recognize the actor 'Catlett':** Catherine Catlett appeared in the film ""Get Shorty"" (1995). 

3. **Recall Ron Howard's filmography:** Ron Howard directed ""Parenthood"" (1989), ""A Beautiful Mind"" (2001), ""Frost/Nixon"" (2008), among others. Notably, Ron Howard did not direct ""Get Shorty"" nor does he star in it. 

4. **Identify the connection:** The",crime thriller
5ab5354755429942dd416027,Focus on a comedian associated with a 1970s sitcom who had a band or musical role:,0,"1. Identify the main elements of the question:
   - Shep Meyers served as a conductor for a band.
   - The band is associated with a comedian.
   - The comedian is best known for starring in a 1970s sitcom.

2. Recall comedians who had a notable sitcom in the 1970s:
   - Some prominent comedians with 1970s sitcoms include:
     - Carroll O'Connor (""All in the Family"")
     - Bill Cosby (""The Cosby Show,"" but that was in the 1980s)
     - Robin Williams (""Mork & Mindy,"" late 1970s)
     - Bob New",Sanford and Son
5ac2c6ca554299657fa29046,"Identify the subject: The question asks about ""All Negro Comics,"" so focus on understanding what this refers to.",1,"1. **Identify the subject**: The question asks about ""All Negro Comics,"" so focus on understanding what this refers to.

2. **Break down key terms**:  
   - ""All Negro Comics"" appears to be a title of a publication.  
   - The phrase ""Negro Comics"" suggests it may be related to African American culture or history.

3. **Recall historical context**:  
   - During the early to mid-20th century, there were comics specifically created for African American audiences or featuring African American char",American comic book
5a86f02055429960ec39b6e5,"Philippe Keyaerts was involved in the design of Splendor, and there is an additional investigation to confirm Keyaerts connection to Auf Achse.",0,"1. **Research the origins of Splendor**: 
To answer the question, we must first understand where Splendor originated from. Splendor is a popular German-style board game designed by Philippe Keyaerts.

2. **Understand the origins of Auf Achse**: 
Next, we need to know where Auf Achse originated from. According to available information, Auf Achse is also a German-style board game, and its designers are unknown from the initial search results.

3. **Research whether the same designer is associated ",no
5a74fc115542996c70cfae64,"The question is asking which person, born on October 15, 1961, is associated with Nautilus Pompilius.",0,"1. **Identify the key details in the question:**
   - Nautilus Pompilius is a rock band founded in 1983 by Dmitry Umetsky.
   - The question asks about a person born on October 15, 1961.

2. **Understand the relationship:**
   - The question is asking which person, born on October 15, 1961, is associated with Nautilus Pompilius.

3. **Determine the most likely person:**
   - Since Nautilus Pompilius was a Soviet/Russian band, and the question mentions a specific birthdate, it suggests the person",Vyacheslav Butusov
5a8b41c55542995d1e6f132a,Lee Hae-young is a South Korean film director and screenwriter.,0,"1. Identify the key details in the question:
   - Lee Hae-young is a South Korean film director and screenwriter.
   - His third feature film is in the mystery genre.
   - The film was released in 2015.
   - It stars Park Bo-young and Uhm Ji-won.
   
2. Recognize that the question is asking for the title of the 2015 mystery film written and directed by Lee Hae-young, starring the specified actors.

3. Recall or verify Lee Hae-young's filmography around 2015:
   - His notable films include ""Like ",The Silenced
5ab440225542996a3a969f64,"Determine the correct region The correct region would likely be Southern Italy, particularly the island of Sicily, which was a hub for early Italian-American Mafia activity and influential figures in organized crime.",0,"To answer the question about the origins of the mob bosses, I need to provide more specific and accurate information. Unfortunately, the details provided in the question seem to be incomplete or inaccurate. However, based on my understanding of historical mob figures, I can still try to provide an answer.

**Step 1: Clarify the incomplete information in the question**
- The first mob boss mentioned is Erricone, but I couldn't find any information about a well-known mob boss by that name in Europ",Italy
5a85dde65542997b5ce40030,"Understand the time period mentioned (7000 BCE to the Late Woodland period) and how this information might relate to the river in question. For example, does the river have a history of geological changes or was it present over this long time period?",0,"**Step 1:**  Identify the location of the Rumford Archeological Sites. This will help narrow down the possible rivers in the area.

**Step 2:**  Look for information about the Rumford Archeological Sites in the region they are located. This will give an idea of what type of landscape or geographical features the sites are near, which can include rivers.

**Step 3:**  Understand the time period mentioned (7000 BCE to the Late Woodland period) and how this information might relate to the river in ",Androscoggin River
5ab7cdcf55429928e1fe3914,"Since it is known that Bill Stewart wasn't the main character, there was Bill 'Bull' McAvoy a character in George of the jungle from 1997, and it is known that Bill 'Bull' McAvoy's role was played by 'Bill' or Bill's short name 'Bull' which is also known as Bill's short name, however that's an incorrect guess on the reasoning.",0,"1. To solve the question, let's break it down step by step by identifying the possible sources of information about the film.

2. The film is an American live-action comedy adventure film, released in 1996, starring Bill Stewart. This gives us a rough idea of the film but still lacks a complete title.

3. The most common source of information about films is their titles. So, let's list down some possible titles of 1996 American live-action comedy adventure films starring Bill Stewart. However, w","Walt Disney's animated 1961 movie adaptation of Dodie Smith's 1956 novel ""The Hundred and One Dalmatians."""
5a7cf168554299452d57baab,"Find Jessica Chastain’s birth date: Jessica Chastain was born on March 24, 1977.",1,"1. Identify the film: The question refers to the film ""Miss Julie"" starring Colin Farrell and Samantha Morton.

2. Determine the release year of the film: The film ""Miss Julie"" was released in 2014.

3. Find the actress who starred alongside Colin Farrell and Samantha Morton: In the 2014 film ""Miss Julie,"" the key actresses were Jessica Chastain and Samantha Morton, both playing significant roles.

4. Confirm the actress to focus on: Since the question asks about ""the actress"" (singular), it’s l","March 24, 1977"
5a7a10315542990198eaf066,"Tara Reid, no ballet background.",0,"1. **Identify the key details in the question:**
   - The actress was a *former ballet dancer*.
   - She starred in a *2012 Lifetime television movie*.

2. **Recall notable actresses fitting the profile:**
   - We need an actress who was known for being a ballet dancer before acting.
   - She starred in a Lifetime movie released in 2012.

3. **Think of notable examples:**
   - One well-known actress fitting this description is **Kathryn Ann ""Kate"" Bolduan**; but she's a journalist, not an actres",Amanda Schull
5ac2e756554299218029db91,"Search the cast list of the film Once I find the film on a database, I need to access the cast list to see which actors and actresses appeared in the film.",0,"**Step 1: Identify the film ""Side by Side"" (1975)**
To find out who the actor was, first, I need to know more about the film ""Side by Side"" (1975). This film may not be very well-known, so I will have to try to gather more information.

**Step 2: Check online databases for the film**
Online databases such as IMDB, Wikipedia, or other websites that provide information about films can help me to find the cast list and release information for the film.

**Step 3: Search the cast list of the film**
",Barry Humphries
5ac418e45542995c82c4acbe,Marsh v. Chambers is known for the allowance of legislative prayer and its role in First Amendment interpretation.,1,"1. **Understand the question:** The question asks what Marsh v. Chambers and Planned Parenthood v. Casey are known for, i.e., their significance or key aspects in U.S. legal history.

2. **Identify the cases separately:**
   - **Marsh v. Chambers (1983)**
   - **Planned Parenthood v. Casey (1992)**

3. **Analyze Marsh v. Chambers:**
   - It is a Supreme Court case.
   - It addressed the constitutionality of state-sponsored prayer in legislative settings.
   - The Court upheld the practice, rulin",Supreme Court case
5a74aab455429916b01641b6,Alexandra Krosney as Kristin Baxter (season 1),0,"1. First, identify the ""Last Man Standing"" actors. This show is a sitcom starring Tim Allen as Mike Baxter, a marketing expert and a typical American family man. 
2. Some main cast members of the show include 
   - Tim Allen as Mike Baxter
   - Nancy Travis as Vanessa Baxter
   - Alexandra Krosney as Kristin Baxter (season 1)
   - Amanda Fuller as Kristin Baxter (seasons 2-9)
   - Molly Ephraim as Mandy Baxter (seasons 1-6)
   - Kaitlyn Dever as Mandy Baxter (seasons 7-9)
   - Jet Jurgensmeyer a",Molly Ephraim
5ae5da325542993aec5ec1e6,"To determine if the Battle of the Ch'ongch'on River and the Battle of Chickamauga were fought in the same decade, I will break down the process into steps:",1,"To determine if the Battle of the Ch'ongch'on River and the Battle of Chickamauga were fought in the same decade, I will break down the process into steps:

1. **Identify the dates of the battles:**
   - The Battle of the Ch'ongch'on River took place in November 1950, as part of the Korean War.
   - The Battle of Chickamauga occurred on September 19-20, 1863, during the American Civil War.

2. **Convert the battle dates to the specific year:**
   - The Battle of the Ch'ongch'on River occurred in",no
5a7224e055429971e9dc92df,"Consider the possibility that the anecdote might relate to a well-known actor who did uncredited or posthumous work. The most famous case known from Disney lore is ""Ed Wynn,"" who was a voice actor in some Disney films and died before their release but included in the cast.",0,"Let's analyze the question step by step:

**Step 1: Identify the key details in the question.**  
- The person is an American actor.  
- They received a *posthumous* credit in a Walt Disney film.  
- The film was released on January 29, 1959.

**Step 2: Determine which films Walt Disney released around that date.**  
- Walt Disney's film ""Sleeping Beauty"" was released on January 29, 1959.  
- This is a notable Disney film released precisely on that date.

**Step 3: Check the main cast of ""Sleepi",Robert Wayne Amsberry
5ae4c9cf55429960a22e01e3,Zakir Hussain has composed or contributed to several projects and is known for integrating tabla into compositions.,0,"Let's analyze the question step by step:

1. **Identify the context of the question**:  
   The question asks about an Indian tabla player who composed the music for ""Kadambari"".

2. **Understand ""Kadambari""**:  
   ""Kadambari"" is an Indian literary work by Banabhatta, but in the context of music and film, it could refer to a movie based on this story or a musical work inspired by it.

3. **Consider the musical composition or soundtrack**:  
   Usually, when someone asks about a ""tabla player"" w",Bickram Ghosh
5ade627755429939a52fe893,"Determine the current status of Yan Zi Yan Zi is a former Chinese professional tennis player. After reviewing her career, it appears she has been mostly retired.",1,"Here's the step-by-step reasoning to answer the question:

**Step 1: Research the tennis players in question**
Yan Zi and Richard Krajicek are former professional tennis players.

**Step 2: Determine the current status of Yan Zi**
Yan Zi is a former Chinese professional tennis player. After reviewing her career, it appears she has been mostly retired.

**Step 3: Determine the current status of Richard Krajicek**
Richard Krajicek is a former Dutch professional tennis player. However, like many fo",Richard Peter Stanislav Krajicek
5a8874205542993e715ac03a,Connect to the context of future bass artists signed to Future Classic.,1,"1. **Identify the relevant information in the question.**  
   The question mentions Tom Purcell, aka Wave Racer, an Australian DJ and future bass producer from Sydney, who is signed to the Australian label Future Classic.

2. **Understand what the question asks.**  
   It asks: *""who"" is the Norwegian DJ, record producer, musician, and turntablist Magnus August Høiberg, known professionally as?*  
   Essentially, the question is asking for the professional/stage name of Magnus August Høiberg.

",Cashmere Cat
5a77f3eb5542992a6e59e01c,"Identify key games in the Wolfenstein series: There were other Wolfenstein games before and after Return to Castle Wolfenstein, such as Spear of Destiny.",1,"1.  Identify the main game in question: Return to Castle Wolfenstein is a classic game. To find the loose sequel that came years after its release, we need to know the release date of Return to Castle Wolfenstein.

2.  Recall the release date of Return to Castle Wolfenstein: The game was released on September 19, 2001.

3.  Determine potential candidates for the sequel: Since years have passed since the release of Return to Castle Wolfenstein, we need to identify a similar game with a storyline ",Wolfenstein
5ab728245542993667793f57,"Determine the operational unit for Frederick Tees. Given that Tees was an RAF member, let's look for his specific unit or squadron. Additional research indicates that Frederick Tees served in No. 97 Squadron RAF.",0,"Let's analyze the question carefully: ""What operational unit does Frederick Tees and The Dam Busters have in common?"" We need to find the commonality between Frederick Tees and The Dam Busters' operational units.

**Step 1: Identify who Frederick Tees is.**  
- Frederick Tees was a member of the Royal Air Force (RAF) during World War II. (Note: His name is not widely famous, but based on historical records, he was associated with the RAF.)

**Step 2: Identify what ""The Dam Busters"" refers to.** ",Squadron
5a83d4545542996488c2e4f4,"Determine the Final Answer: After reviewing the information from the previous steps, I can now determine the city where the agent is based.",0,"To determine the answer, I will follow these steps:

1. **Research Background Information**: I will try to research who Bill Caudill is and his connection to the agent. Bill Caudill was an American basketball player. 

2. **Find Information on Bill Caudill's Career**: I will find more information about his basketball career to see if there are any connections to a specific agent or city.

3. **Look for Information About His Agent**: Based on what I found about Bill Caudill, I will research the a","Newport Beach, California"
5ab5e02d5542997d4ad1f21a,1. Identify the person after whom the Bell's theorem was named. Bell's theorem is a fundamental concept in quantum mechanics that was formulated by John Bell.,1,"To answer this question, I will provide step-by-step reasoning:

**1.** Identify the person after whom the Bell's theorem was named. Bell's theorem is a fundamental concept in quantum mechanics that was formulated by John Bell.
 
**2.** John Bell was an Irish-born physicist. His birth place was in Belfast, which is now in Northern Ireland.
 
**3.** However, John Bell's work was done primarily in the 1950s and 1960s at CERN and other European institutions.
 
**4.** Bell's theorem challenged the i",1 October 1990
5a8c9dae554299585d9e3700,"Identify the TV show:  Given 'P.S. I Love You' is the 15th episode of an unspecified television show's eighth season, to begin the process, we need to narrow down TV shows which are comedies and have a season with episode 15 in the 2012 TV season or around that time.",1,"1. Identify the TV show:  Given 'P.S. I Love You' is the 15th episode of an unspecified television show's eighth season, to begin the process, we need to narrow down TV shows which are comedies and have a season with episode 15 in the 2012 TV season or around that time.

2. The 2012 TV comedy: The TV season of 2012-2013 offers a wide array of comedies in many networks such as ABC, CBS, and NBC.

3. Narrow down options: Look for comedies that premiered in 2012, and could potentially have an 8th s",How I Met Your Mother
5adfe44755429942ec259b6d,Determine the league: The NBA is the National Basketball Association.,1,"Sure! Let's go through the reasoning step by step:

1. **Identify the person:** Erik Jon Spoelstra is a known basketball coach and executive, often associated with the NBA.

2. **Recall his coaching career:** Erik Spoelstra is most famously known for coaching in the NBA, specifically with the Miami Heat.

3. **Verify the team:** He has been the head coach of the Miami Heat for many years, leading them to multiple NBA Finals and championships.

4. **Determine the league:** The NBA is the National",National Basketball Association's Miami Heat.
5ae5695f5542992663a4f1f3,"Consider Denzel Washington's major films: Denzel Washington has starred in many films, including ""The Mighty Quinn,"" ""Glory,"" ""Malcolm X,"" ""Training Day,"" etc.",0,"1. **Identify the actors involved:** The question mentions Victor Colicchio and Denzel Washington as the stars of the film.

2. **Recall films featuring these actors:** Think of films in which both Victor Colicchio and Denzel Washington appeared together.

3. **Determine notable movies with both actors:** One prominent film that includes both Victor Colicchio and Denzel Washington is **""A Lynching,""** which was a short film, but it may not be the most well-known in mainstream cinema.

4. **Consi",Spike Lee
5a837b10554299123d8c2137,Research reveals Dan Walker and Sally Nugent to be prominent BBC Breakfast sports correspondents.,0,"Here's the step-by-step reasoning to determine the show:

1. **Identify the key elements of the question**: 
- The show is about sports.
- It is a BBC show.
- The presenter is a sports correspondent for ""BBC Breakfast"".
- The show is a spin-off from the consumer-focused show ""Watchdog"".

2. **Consider the potential shows**: 
The question hints at a sports show related to BBC Breakfast and has a spin-off connection to ""Watchdog"".
This implies that the sport-related show likely originated from the",Food Inspectors
5adf9cf75542995534e8c815,"Find Rossellini's Oscar Nominations Roberto Rossellini received a total of 11 Oscar nominations, including Best Director and Best Documentary Feature. Best Director for ""Viva l'Italia"" (1961) Best Director nomination (not awarded) for ""The Earth as Seen from the Moon"" (1965) Best Documentary Feature for ""Van Gogh"" (1956) - won Best Documentary Feature for ""The Earth as Seen from the Moon"" (1965) - won Best Documentary Feature nominations for ""The Rise of Louis XIV"" (1966, also known as ""Frantic"") Best Documentary Feature nominations for ""Socrates"" (1970) Best Documentary Feature for ""The Age of the Medici"" (1972) Best Documentary nominations for ""Blaise Pascal"" (1972) Best Documentary nominations ""Socrates"" 1970 Best Documentary nominations ""The Rise of Louis XIV"" (1966) Best Documentary nominations ""Journey to India"" (1974)",0,"**Step 1: Collect Information about Roberto Rossellini**
Roberto Rossellini was an Italian film director, screenwriter, and producer. To determine his Oscar nominations, we would need to research the nominees in the category of Best Director for which Rossellini was nominated.

**Step 2: Collect Information about Edward Dmytryk**
Edward Dmytryk was a Ukrainian-American film director, producer, and screenwriter. To determine his Oscar nominations, we would need to research the nominees in the cat",Edward Dmytryk
5adf50585542993a75d264ba,"Find other ""Back to the Future"" simulator locations that took over ""Back to the Future: The Ride"" locations. It is worth checking out the Universal Studios Japan park. There is a ride, which was originally a different ride, that in time took over some of the locations of ""Back to the Future: The Ride."" And after checking the park map I discovered it was ""Transformers the Ride"" - No it wasn't it was actually the ""The Fast and the Furious - Supercharged Ride"" (a simulator ride and no its not it). There was no ride that directly followed ""Back to the Future: The Ride"" called ""Transformers,"" however there might be another ride which opened later. Then, a ride, also located in a different park,  I then found information, of a TV show ride that is in Hollywood called ""The Fast and the Furious - Supercharged"" no that's not it but the ride "" Transformers the Ride  - 3D"" and I discovered a ride that is also located at "" Universal Studios Japan"" in the form of "" Fast and Furious - supercharged"" No I think it is, but no it isn't. After checking the ride history for the ride at ""Universal Studios Japan"" I found a TV show ride, at Universal Studios Japan, that might be the answer to the question.",1,"**Step 1: Identify the TV show that the simulator ride was based on.**
To find the answer, let's consider popular TV shows that have been adapted into simulator rides. Some examples include ""The Simpsons"" (Springfield: Home of the Simpsons), ""The Fast and the Furious"" movie, but also TV shows such as 'The A-Team', which also had a movie version.

However, there were also ""Transformers: The Ride - 3D"" in several Universal parks around the globe that started with back to the future (back to the fu","""The Simpsons"" Ride"
5abd1d0655429924427fcefd,"Hologic: Recognized as a leading developer, manufacturer, and provider of diagnostic products, medical imaging systems, and surgical solutions, especially in women’s health.",1,"1. **Identify the main focus areas of each company:**
   - Illinois Tool Works (ITW): Known primarily for manufacturing industrial products, specialty materials, and equipment. It is a diversified, industrial company with a broad portfolio including automotive, construction, and food equipment.
   - Hologic: Recognized as a leading developer, manufacturer, and provider of diagnostic products, medical imaging systems, and surgical solutions, especially in women’s health.

2. **Match the focus are",Hologic
5ac151e55542991316484af0,"Confirm his span with the Spurs: Ronnie Grandison was a member of the San Antonio Spurs during the early 1990s, including the 1991–92 season.",0,"1. **Identify the time period and team:** The question refers to a player who was part of the 1991–92 San Antonio Spurs roster.

2. **Look for college background:** The player in question played college basketball at DePaul University.

3. **Recall notable players from the Spurs during that period:** Several players were on the Spurs during the early 1990s, including David Robinson, Sean Elliott, and others.

4. **Determine which of those players attended DePaul:**  
   - David Robinson attended",Rod Strickland
5adddd105542992200553b72,"Find information about Mike McShaffry's college graduation Unfortunately, I don't have the required information about Mike McShaffry's college graduation as of the cut-off date. Therefore, I can only provide a general answer on the state part of Tornado Alley.",0,"To answer your question, we will break it down into steps.

**Step 1: Identify Tornado Alley states**
Tornado Alley is a region in the central United States where tornadoes are most frequent. The states commonly associated with Tornado Alley are:

1. Texas
2. Oklahoma
3. Kansas
4. Nebraska
5. Missouri
6. South Dakota
7. North Dakota
8. Minnesota
9. Iowa
10. Arkansas
11. Louisiana
12. Mississippi

However, the most frequently identified Tornado Alley states are:
1. Texas
2. Oklahoma
3. Kansas
4. ",Texas
5ae5e7ef554299546bf82fb4,Identify the relevant season The question mentions the 2004-05 ACF Fiorentina season. This will help narrow down the search to that particular year.,0,"**Step 1: Identify the relevant season**
The question mentions the 2004-05 ACF Fiorentina season. This will help narrow down the search to that particular year.

**Step 2: Identify the professional footballer and their position**
The question states that the professional footballer plays as a defender for a Serie A club. This information will be crucial in searching for the footballer.

**Step 3: Search for a defender who played for ACF Fiorentina in 2004-05**
Given the specific season and posit",Juventus
5a909ac255429916514e7507,Identify specific TV shows where he made guest appearances.,0,"1. **Identify the actor who played the voice of Hamm in ""Toy Story.""**  
   The character Hamm was voiced by John Ratzenberger.

2. **Determine other shows or movies where John Ratzenberger made guest appearances.**  
   To answer this, recall or research John Ratzenberger’s appearances in TV shows, especially guest roles or cameo appearances.

3. **Research or recall notable guest appearances by John Ratzenberger.**  
   Based on known information, John Ratzenberger is a well-known character ac","""St. Elsewhere"", ""Wings"" and ""Frasier"""
5a7545145542993748c89806,"Among the well-known actors, Prithviraj Kapoor and Raj Kapoor are prominent, but neither is remembered primarily for ""Kismet.""",0,"1. **Identify the context of the question:**  
   The question asks which star from the ""Checkmate"" group was also known for playing the Wazir in the film ""Kismet.""

2. **Understand ""Checkmate"" and ""Kismet"":**  
   - ""Checkmate"" is a term often associated with a group of prominent Indian actors or film personalities, but in this context, it suggests a specific set of notable actors.  
   - ""Kismet"" is a famous Indian film, widely known for its musical and dramatic storytelling.

3. **Recall the ",Sebastian Cabot
5ac0b0895542992a796ded63,"Identify the information given: The problem mentions ""The Public Eye"" and an actor with the last name ""Tucci.""",0,"Here's the step-by-step reasoning:

1. **Identify the information given**: The problem mentions ""The Public Eye"" and an actor with the last name ""Tucci.""

2. **Recognize that the last name ""Tucci"" is a clue**: The last name ""Tucci"" is often associated with Italian-American descent.

3. **Determine the cultural background associated with the name ""Tucci""**: Based on common American surnames and cultural traditions, the last name ""Tucci"" is typically of Italian origin, possibly with Italian-Americ",American
5a76541b5542992d0ec060ad,"Conclusion After considering the ranges associated with Broad Peak and Saltoro Kangri, it can be concluded that Saltoro Kangri is the peak located in the Saltoro Mountains. Answer: Saltoro Kangri is the peak located in the Saltoro Mountains.",1,"**Step 1: Identify the general location**
The Saltoro Mountains are located in the Karakoram range, which is a mountain range in the Himalayas in Asia.

**Step 2: Learn about the peaks**
Broad Peak and Saltoro Kangri are both notable peaks in the Karakoram range. However, they are often associated with different ranges within the Karakoram.

**Step 3: Research Broad Peak**
Broad Peak is the 12th highest mountain in the world and is often located in the Karakoram range. However, specifically, it ",Saltoro Kangri
5abb079a5542992ccd8e7ec3,"Verify Kevin McGowan's organization: Based on available information, Kevin McGowan currently plays for the New York Mets.",1,"The question seems to be about two separate entities: The It Came From Canada Archive and Kevin McGowan. To answer the question about Kevin McGowan, we will follow the steps below:

1. **Identify the main topic**: The main topic is Kevin McGowan, an American professional baseball pitcher.

2. **Gather relevant information**: We are asked to identify the organization that Kevin McGowan belongs to, in relation to his baseball career.

3. **Search for Kevin McGowan's baseball career**: After resear",Major League Baseball (MLB)
5ade5f1755429975fa854eb1,"Unfortunately, I do not find any relevant information linking Jeff Ragsdale to being an author.",1,"1. First, let's identify the two authors mentioned: Padmarajan and Jeff Ragsdale.
2. We need to establish any information about their profession or known work.
3. I do not find any information about Jeff Ragsdale, which suggests he might not be a well-known author.
4. Padmarajan, on the other hand, is a well-known Indian author.
5. Padmarajan also worked as a film director and screenwriter, but the primary information available does not confirm he was a comedian.
6. Next, I will look for any inf","Jeffrey Charles ""Jeff"" Ragsdale"
5ae4a3295542995ad6573de6,Identify the venue: United Supermarkets Arena.,0,"1. Identify the venue: United Supermarkets Arena.
2. Recognize that the arena is located on the campus of Texas Tech University in Lubbock, Texas.
3. Recall that Texas Tech University's athletic teams are known as the Red Raiders.
4. Determine which sport's team is associated with United Supermarkets Arena according to the question: women's basketball.
5. Understand that college teams are part of athletic conferences, which organize competitions and determine regular opponents.
6. Remember that ",Big 12 Conference
5a763374554299109176e6b5,"Other prominent roles in ""Rules Don't Apply"" include Annette Bening, but she is also not in ""Tetro.""",1,"1. **Identify the film ""Rules Don't Apply"":**  
   ""Rules Don't Apply"" is a film directed by Warren Beatty and released in 2016. It stars Warren Beatty himself, along with other actors such as Annette Bening, Alden Ehrenreich, and Lily Collins.

2. **Determine the cast of ""Rules Don't Apply"":**  
   The main actors include Warren Beatty, Annette Bening, Alden Ehrenreich, Lily Collins, and others. Notably, Alden Ehrenreich is a key young actor in the film.

3. **Identify the film ""Tetro"" by Franc",Alden Ehrenreich.
5a73d1ee5542992d56e7e3a5,"Mary and Max was released in 2009 and is an Australian stop-motion animated film. However, information may be incomplete, so we can't rely solely on that.",1,"1. To determine which of the animated films won the Annecy Cristal in June 2009, we first need to identify the contenders for the award.
2. Mary and Max was released in 2009 and is an Australian stop-motion animated film. However, information may be incomplete, so we can't rely solely on that.
3. Alice's Birthday is indeed a 2009 animated short film by the Japanese animator Koji Yamamura. 
4.  We should verify the winner for the Annecy Cristal Award in 2009 to identify the correct animated film ",Mary and Max
5ac26eec55429921a00aaf69,The EAS program is a U.S. government subsidy program designed to ensure small or rural communities maintain commercial airline service.,0,"1. **Identify the airports in question:**
   - Falls International Airport
   - Ontario International Airport

2. **Understand the Essential Air Service (EAS) program:**
   - The EAS program is a U.S. government subsidy program designed to ensure small or rural communities maintain commercial airline service.

3. **Determine which airport is more likely to have EAS subsidies:**
   - Falls International Airport is located in International Falls, Minnesota, a smaller city, and is known for serving",Falls International Airport
5a8d8a205542994ba4e3dc9f,"Determine what's asked: The question asks for the location of Vocelli Pizza, which is a separate entity.",0,"1. **Identify the information given:** The question states that America's Incredible Pizza Company is based in Springfield, Missouri. 

2. **Determine what's asked:** The question asks for the location of Vocelli Pizza, which is a separate entity.

3. **Recall or infer needed information:** The question assumes that Vocelli Pizza may have a specific location or headquarters. 

4. **Use general knowledge:** Based on known information (as of October 2023), Vocelli Pizza is a pizza chain headquarte","Pittsburgh, Pennsylvania"
5a71425c5542994082a3e713,3 Hudson Boulevard is reported to be developing a new residential tower.,1,"1. **Identify the locations**: The question asks about two specific addresses: 3 Hudson Boulevard and 520 Park Avenue.

2. **Recall recent developments at 3 Hudson Boulevard**: 

   - 3 Hudson Boulevard is located in Manhattan and is known for being a major real estate project.
   - It is associated with the development of a significant residential and commercial tower.

3. **Recall recent developments at 520 Park Avenue**:

   - 520 Park Avenue is a well-known luxury residential building in Man",an American skyscraper under construction
5abc44e7554299114383a108,Little House on the Prairie (1935),1,"Certainly! Here's the step-by-step reasoning process:

1. **Identify the sister:** Mary Ingalls had a sister named Laura Ingalls, who is well known for her books.

2. **Determine the books written by Laura Ingalls:** Laura Ingalls Wilder authored a series of autobiographical children's books based on her childhood and adolescence.

3. **List of Laura Ingalls Wilder's books:** The most famous books in her series, known as the ""Little House"" series, include:
   - Little House in the Big Woods (193",1932 to 1943
5ab6a70f55429953192ad352,"Cross-verify the name: Verify whether Carlo Savina's arrangements were indeed for ""Il oso bruno"" or for the English version.",0,"1. **Identify the source material:** The novel ""The Grizzly King"" was written by Michael Blake and is a well-known story that has inspired various adaptations.

2. **Recall the film adaptation:** The story inspired the 1988 film ""The Bear,"" which is also sometimes associated with ""The Grizzly King."" 

3. **Check Carlo Savina's involvement:** Confirm whether Carlo Savina arranged and conducted music for this film.

4. **Determine the original release name:** The film titled ""The Bear"" was release",L'Ours
5a7661875542992d0ec060cb,"Identify the relevant archaeological period in Sweden: The time period of 12,900 to 11,700 years BP corresponds to the late Paleolithic or early hunter-gatherer period in the European archaeological context.",0,"1. **Establish the time period in question**: The given time period is 12,900 to 11,700 years Before Present (BP). 

   - Before Present (BP) is a time period scale used to measure the age of fossils and archaeological sites. BP starts at the year 1950. 

2. **Consider the context of the hunter culture in Sweden**: The hunter culture in Sweden during the late Pleistocene era would have been characterized by nomadic groups that relied on hunting and gathering for their survival. 

3. **Identify t",Ahrensburgian
5ae4cbaf5542990ba0bbb13d,"Link to the agency created in 1938: The agency created in 1938 to investigate alleged disloyalty should be well-known, and its main function should be investigated first.",0,"To find the answer, we will follow these steps:

1. **Identify the committee**: We are asked about a committee that investigates alleged disloyalty. This usually involves examining loyalty or security issues, often within the context of national security or government.

2. **Link to the agency created in 1938**: The agency created in 1938 to investigate alleged disloyalty should be well-known, and its main function should be investigated first.

3. **Agency from 1938**: After some investigation,",American Jewish Committee
5a78de3655429974737f78e3,"Researching Indonesian recipes: Many Indonesian Shumai recipes specify the use of pork as the primary meat ingredient. Indonesian dishes often incorporate pork, considering the island's pork-friendly culture, especially in the island of Java and other regions.",0,"1. **Understanding the question**: The question asks for the traditional meat used in the Indonesian variation of Shumai, a type of dumpling.

2. **Researching Shumai variations**: Shumai is a popular Chinese dim sum dish, but variations exist in other countries, including Indonesia. Indonesian cuisine often adapts Chinese recipes to suit local tastes.

3. **Identifying Indonesian variations of Shumai**: Indonesian adaptations of Shumai typically use local ingredients. This adaptation might incl","""tenggiri"" (wahoo) fish meat"
5adfddab55429925eb1afad4,"5. Benefits: The standards developed by ISO provide numerous benefits to businesses, governments, and individuals. Some of the benefits include improved product quality, increased efficiency, and reduced costs. Additionally, ISO standards help to promote trade and facilitate international cooperation.",1,"Here's a step-by-step explanation of the International Organization for Standardization (ISO):

**1.** **Establishment**: ISO is an autonomous, non-governmental organization that was established on February 23, 1947, in Geneva, Switzerland. Its creation was primarily aimed at developing global standards that could be used by various countries.

**2.** **Membership**: ISO consists of a network of 167 national standards bodies, known as ISO members. Each member is responsible for developing and im",International Organization for Standardization (ISO)
5adc611d55429947ff17393f,"Consider possible sources: Unfortunately, I don't have access to specific biographies or profiles of individuals with the name Tim McCann to determine his alma mater.",1,"Here's the step-by-step reasoning to answer the question:

1. **Identify the subject of the question**: We are looking for information about Tim McCann's alma mater, which is the institution where he studied or graduated from.

2. **Determine the relevance of further research**: Since the question doesn't provide any context or background information about Tim McCann, we need to assume that the question is referring to a well-known individual with the same name.

3. **Find relevant information**",1967
5ac3d889554299076e296cb4,"Third Day is a Southern rock band from Atlanta, Georgia, formed in 1992.",1,"To determine if Third Day and Creed are primarily Christian rock bands, let's analyze the information step by step:

1. **Definition of Christian Rock**: Christian rock is a genre of rock music that incorporates Christian lyrics and themes into its songs. To qualify as a Christian rock band, a group's primary focus and style should reflect this genre.

2. **Third Day Background**:
   - Third Day is a Southern rock band from Atlanta, Georgia, formed in 1992.
   - The band is known for their energ",no
